customer_id,c1,PK,T1,,T6 FACT,,
phone_number,c1,,customer_id,c1,quantity,c6,
customer_name,c1,,phone_number,c1,unit_price,c6,
gender,c1,,customer_name,c1,discount_rate,c6,
age_group,c1,,gender,c1,payment_method,c6,
city,c1,,age_group,c1,delivery_fee,c4,
region,c1,,city,c1,customer_id,c1,FK
customer_segment,c1,,region,c1,order_id,c2,FK
order_id,c2,PK,customer_segment,c1,product_id,c3,
order_date,c2,,,,order_revenue,c2,
order_revenue,c2,,T2,,,,
order_status,c2,,order_id,c2,,,
product_id,c3,PK,order_revenue,c2,,,
product_category,c3,,order_status,c2,,,
product_name,c3,,order_date,c2,,,
sales_channel,c3,,,,,,
delivery_fee,c4,,,,,,
delivery_status,c4,,T3,,,,
delivery_days,c4,,product_id,c3,,,
customer_rating,c5,,product_category,c3,,,
return_flag,c5,,product_name,c3,,,
quantity,c6,,sales_channel,c3,,,
unit_price,c6,,,,,,
discount_rate,c6,,T4,,,,
payment_method,c6,,delivery_fee,c4,,,
,,,delivery_status,c4,,,
,,,delivery_days,c4,,,
,,,,,,,
,,,T5,,,,
,,,customer_rating,c5,,,
,,,return_flag,c5,,,